"gene","logFC","FDR","add_variable","start","end","strand"
"vnz_00010",-0.651095119,0,"18h",1093,1605,"+"
"vnz_00010",-0.528279743,0,"24h",1093,1605,"+"
"vnz_00010",-0.295139776,0,"48h",1093,1605,"+"
"vnz_00020",-1.01761718,0,"18h",2424,2711,"+"
"vnz_00020",-0.66696734,0,"24h",2424,2711,"+"
"vnz_00020",-0.563826858,0,"48h",2424,2711,"+"
"vnz_00030",-1.063589438,0,"18h",3606,4094,"-"
"vnz_00030",-0.713734499,0,"24h",3606,4094,"-"
"vnz_00030",-0.719495499,0,"48h",3606,4094,"-"
"vnz_00035",-0.583320353,0,"18h",5340,6278,"+"
"vnz_00035",-0.542757251,0,"24h",5340,6278,"+"
"vnz_00035",-0.42245379,0,"48h",5340,6278,"+"
"vnz_00040",-0.677467745,0,"18h",6281,6739,"+"
"vnz_00040",-0.624980624,0,"24h",6281,6739,"+"
"vnz_00040",-0.738276032,0,"48h",6281,6739,"+"
"vnz_00055",0.6248557,0,"18h",9319,9816,"+"
"vnz_00055",0.258032847,0,"24h",9319,9816,"+"
"vnz_00055",0.267622133,0,"48h",9319,9816,"+"
"vnz_00070",-0.340087633,0,"18h",11937,12506,"+"
"vnz_00070",-0.667029688,0,"24h",11937,12506,"+"
"vnz_00070",-0.35035732,0,"48h",11937,12506,"+"
"vnz_00075",-0.55993131,0,"18h",12689,14266,"-"
"vnz_00075",-0.743906266,0,"24h",12689,14266,"-"
"vnz_00075",-0.420492874,0,"48h",12689,14266,"-"
"vnz_00080",-1.291589879,0,"18h",14532,15020,"+"
"vnz_00080",-1.508803028,0,"24h",14532,15020,"+"
"vnz_00080",-1.090473761,0,"48h",14532,15020,"+"
"vnz_00085",-0.331412796,0,"18h",16108,17049,"-"
"vnz_00085",-0.65487324,0,"24h",16108,17049,"-"
"vnz_00085",-0.296615903,0,"48h",16108,17049,"-"
"vnz_00090",-0.434602041,0,"18h",17165,17935,"-"
"vnz_00090",-0.699183259,0,"24h",17165,17935,"-"
"vnz_00090",-0.442765367,0,"48h",17165,17935,"-"
"vnz_00095",-0.629742185,0,"18h",18030,18473,"-"
"vnz_00095",-0.74718881,0,"24h",18030,18473,"-"
"vnz_00095",-0.402069857,0,"48h",18030,18473,"-"
"vnz_00100",-0.261996551,0,"18h",18671,19219,"+"
"vnz_00100",-0.542519807,0,"24h",18671,19219,"+"
"vnz_00100",-0.510544348,0,"48h",18671,19219,"+"
"vnz_00110",-0.451962856,0,"18h",20980,21546,"+"
"vnz_00110",-0.507309857,0,"24h",20980,21546,"+"
"vnz_00110",-0.546547423,0,"48h",20980,21546,"+"
"vnz_00115",-0.090197985,0,"18h",21619,22425,"-"
"vnz_00115",-0.279393404,0,"24h",21619,22425,"-"
"vnz_00115",-0.333660454,0,"48h",21619,22425,"-"
"vnz_00120",-0.444775961,0,"18h",22514,23443,"-"
"vnz_00120",-0.524950545,0,"24h",22514,23443,"-"
"vnz_00120",-0.400448588,0,"48h",22514,23443,"-"
"vnz_00125",-0.618430068,0,"18h",23536,24972,"+"
"vnz_00125",-0.627277432,0,"24h",23536,24972,"+"
"vnz_00125",-0.351488758,0,"48h",23536,24972,"+"
"vnz_00130",-0.487747414,0,"18h",25432,26241,"+"
"vnz_00130",-0.696881995,0,"24h",25432,26241,"+"
"vnz_00130",-0.380619151,0,"48h",25432,26241,"+"
"vnz_00135",-0.606640765,0,"18h",26406,29378,"-"
"vnz_00135",-0.765229849,0,"24h",26406,29378,"-"
"vnz_00135",-0.522024843,0,"48h",26406,29378,"-"
"vnz_00140",-1.058997391,0,"18h",30415,31074,"-"
"vnz_00140",-0.827847566,0,"24h",30415,31074,"-"
"vnz_00140",-0.632540517,0,"48h",30415,31074,"-"
"vnz_00145",-0.537481373,0,"18h",31118,32122,"-"
"vnz_00145",-0.803880439,0,"24h",31118,32122,"-"
"vnz_00145",-0.649379402,0,"48h",31118,32122,"-"
"vnz_00150",-0.44023116,0,"18h",32126,32632,"-"
"vnz_00150",-0.92848216,0,"24h",32126,32632,"-"
"vnz_00150",-0.289277857,0,"48h",32126,32632,"-"
"vnz_00155",-0.537442293,0,"18h",32629,35982,"-"
"vnz_00155",-0.413325981,0,"24h",32629,35982,"-"
"vnz_00155",-0.500252077,0,"48h",32629,35982,"-"
"vnz_00160",-0.372597495,0,"18h",36317,37048,"+"
"vnz_00160",-0.756585169,0,"24h",36317,37048,"+"
"vnz_00160",-0.297842149,0,"48h",36317,37048,"+"
"vnz_00165",-0.118222535,0,"18h",37206,37946,"+"
"vnz_00165",-0.307548894,0,"24h",37206,37946,"+"
"vnz_00165",-0.154346288,0,"48h",37206,37946,"+"
"vnz_00170",-0.466526723,0,"18h",38111,39868,"+"
"vnz_00170",-0.695266922,0,"24h",38111,39868,"+"
"vnz_00170",-0.427364738,0,"48h",38111,39868,"+"
"vnz_00175",-0.279262531,0,"18h",39969,40571,"-"
"vnz_00175",-0.321347683,0,"24h",39969,40571,"-"
"vnz_00175",-0.547104657,0,"48h",39969,40571,"-"
"vnz_00180",-0.578092605,0,"18h",40688,41281,"-"
"vnz_00180",-0.403003484,0,"24h",40688,41281,"-"
"vnz_00180",-0.742798529,0,"48h",40688,41281,"-"
"vnz_00185",-0.697508679,0,"18h",41179,42522,"-"
"vnz_00185",-0.36008311,0,"24h",41179,42522,"-"
"vnz_00185",-0.448775942,0,"48h",41179,42522,"-"
"vnz_00190",-0.432720427,0,"18h",42604,43785,"-"
"vnz_00190",-0.439415282,0,"24h",42604,43785,"-"
"vnz_00190",0.13502707,0,"48h",42604,43785,"-"
"vnz_00200",-0.678014077,0,"18h",44965,45336,"-"
"vnz_00200",-0.410716686,0,"24h",44965,45336,"-"
"vnz_00200",-0.430866252,0,"48h",44965,45336,"-"
"vnz_00205",-0.370566923,0,"18h",45506,46564,"-"
"vnz_00205",-0.477975694,0,"24h",45506,46564,"-"
"vnz_00205",-0.365833666,0,"48h",45506,46564,"-"
"vnz_00210",-0.557117403,0,"18h",46725,47096,"+"
"vnz_00210",-0.556105027,0,"24h",46725,47096,"+"
"vnz_00210",-0.336687339,0,"48h",46725,47096,"+"
"vnz_00215",-0.637744986,0,"18h",47146,48159,"+"
"vnz_00215",-0.200720804,0,"24h",47146,48159,"+"
"vnz_00215",-0.396558963,0,"48h",47146,48159,"+"
"vnz_00220",0.170867317,0,"18h",48369,51179,"+"
"vnz_00220",-0.040293278,0,"24h",48369,51179,"+"
"vnz_00220",0.208507588,0,"48h",48369,51179,"+"
"vnz_00225",-0.218228908,0,"18h",51489,51767,"+"
"vnz_00225",-0.292799504,0,"24h",51489,51767,"+"
"vnz_00225",-0.152778897,0,"48h",51489,51767,"+"
"vnz_00230",-0.289493296,0,"18h",51760,52812,"+"
"vnz_00230",-0.488728299,0,"24h",51760,52812,"+"
"vnz_00230",-0.61337437,0,"48h",51760,52812,"+"
"vnz_00235",-0.405831704,0,"18h",52914,54080,"+"
"vnz_00235",-0.669252197,0,"24h",52914,54080,"+"
"vnz_00235",-0.433802317,0,"48h",52914,54080,"+"
"vnz_00240",-0.41004633,0,"18h",54125,54952,"-"
"vnz_00240",-0.434266094,0,"24h",54125,54952,"-"
"vnz_00240",-0.150148267,0,"48h",54125,54952,"-"
"vnz_00245",-0.181168195,0,"18h",55051,55959,"-"
"vnz_00245",-0.499143771,0,"24h",55051,55959,"-"
"vnz_00245",-0.220011976,0,"48h",55051,55959,"-"
"vnz_00250",0.702819733,0,"18h",56161,56364,"-"
"vnz_00250",0.860275619,0,"24h",56161,56364,"-"
"vnz_00250",1.324556845,0,"48h",56161,56364,"-"
"vnz_00255",-0.304027264,0,"18h",56497,57429,"-"
"vnz_00255",-0.473436659,0,"24h",56497,57429,"-"
"vnz_00255",-0.093464683,0,"48h",56497,57429,"-"
"vnz_00260",0.088957696,0,"18h",57635,58378,"-"
"vnz_00260",-0.56188148,0,"24h",57635,58378,"-"
"vnz_00260",-0.353919055,0,"48h",57635,58378,"-"
"vnz_00265",-0.347305145,0,"18h",58375,58953,"-"
"vnz_00265",-0.771206873,0,"24h",58375,58953,"-"
"vnz_00265",-0.145571843,0,"48h",58375,58953,"-"
"vnz_00270",-0.528187003,0,"18h",59062,60072,"-"
"vnz_00270",-1.152785144,0,"24h",59062,60072,"-"
"vnz_00270",-0.085038543,0,"48h",59062,60072,"-"
"vnz_00275",1.721488272,0,"18h",60357,61556,"+"
"vnz_00275",1.032133701,0,"24h",60357,61556,"+"
"vnz_00275",0.370657474,0,"48h",60357,61556,"+"
"vnz_00280",-0.012754581,0,"18h",61643,62470,"+"
"vnz_00280",-0.118583825,0,"24h",61643,62470,"+"
"vnz_00280",-0.105325596,0,"48h",61643,62470,"+"
"vnz_00285",-0.515053242,0,"18h",62433,62891,"-"
"vnz_00285",-0.192760781,0,"24h",62433,62891,"-"
"vnz_00285",-0.53370439,0,"48h",62433,62891,"-"
"vnz_00290",-0.536721516,0,"18h",62993,63979,"-"
"vnz_00290",-0.469505994,0,"24h",62993,63979,"-"
"vnz_00290",-0.311910627,0,"48h",62993,63979,"-"
"vnz_00295",-0.116851426,0,"18h",63886,64197,"-"
"vnz_00295",-0.550358203,0,"24h",63886,64197,"-"
"vnz_00295",-0.587574219,0,"48h",63886,64197,"-"
"vnz_00300",-0.664967569,0,"18h",64258,65310,"-"
"vnz_00300",-0.663937489,0,"24h",64258,65310,"-"
"vnz_00300",-0.418826367,0,"48h",64258,65310,"-"
"vnz_00305",-0.861024616,0,"18h",65307,66068,"-"
"vnz_00305",-0.89714704,0,"24h",65307,66068,"-"
"vnz_00305",0.002092535,0,"48h",65307,66068,"-"
"vnz_00310",-0.757535251,0,"18h",66065,67396,"-"
"vnz_00310",-0.742610963,0,"24h",66065,67396,"-"
"vnz_00310",0.005164914,0,"48h",66065,67396,"-"
"vnz_00315",-0.573962533,0,"18h",67709,68380,"-"
"vnz_00315",-0.454913557,0,"24h",67709,68380,"-"
"vnz_00315",-0.592844482,0,"48h",67709,68380,"-"
"vnz_00320",-0.657893106,0,"18h",68484,69944,"-"
"vnz_00320",-0.720327193,0,"24h",68484,69944,"-"
"vnz_00320",0.152922175,0,"48h",68484,69944,"-"
"vnz_00325",-0.743449451,0,"18h",70061,71371,"-"
"vnz_00325",-0.74007271,0,"24h",70061,71371,"-"
"vnz_00325",-0.200939477,0,"48h",70061,71371,"-"
"vnz_00330",-0.72120516,0,"18h",71416,72684,"-"
"vnz_00330",-0.964946767,0,"24h",71416,72684,"-"
"vnz_00330",-0.185746832,0,"48h",71416,72684,"-"
"vnz_00340",-0.838922008,0,"18h",73772,74638,"-"
"vnz_00340",-1.672340278,0,"24h",73772,74638,"-"
"vnz_00340",-0.306735396,0,"48h",73772,74638,"-"
"vnz_00345",-0.670740846,0,"18h",74635,75642,"-"
"vnz_00345",-0.964169781,0,"24h",74635,75642,"-"
"vnz_00345",-0.203096304,0,"48h",74635,75642,"-"
"vnz_00350",-0.643855355,0,"18h",75639,76964,"-"
"vnz_00350",-0.73101418,0,"24h",75639,76964,"-"
"vnz_00350",-0.624333818,0,"48h",75639,76964,"-"
"vnz_00355",-0.589187823,0,"18h",77329,78351,"-"
"vnz_00355",-0.579242716,0,"24h",77329,78351,"-"
"vnz_00355",-0.42937697,0,"48h",77329,78351,"-"
"vnz_00360",-0.553279619,0,"18h",78552,79412,"+"
"vnz_00360",-0.414725641,0,"24h",78552,79412,"+"
"vnz_00360",-0.511802809,0,"48h",78552,79412,"+"
"vnz_00365",-0.40949421,0,"18h",79426,80043,"+"
"vnz_00365",-0.410672279,0,"24h",79426,80043,"+"
"vnz_00365",-0.363870254,0,"48h",79426,80043,"+"
"vnz_00370",-0.417890174,0,"18h",80149,82110,"-"
"vnz_00370",-0.636400869,0,"24h",80149,82110,"-"
"vnz_00370",-0.289074554,0,"48h",80149,82110,"-"
"vnz_00380",-0.2944464,0,"18h",84069,84686,"+"
"vnz_00380",-0.336791987,0,"24h",84069,84686,"+"
"vnz_00380",-0.42164784,0,"48h",84069,84686,"+"
"vnz_00385",-0.117481567,0,"18h",84784,85476,"+"
"vnz_00385",0.05776405,0,"24h",84784,85476,"+"
"vnz_00385",-0.405521706,0,"48h",84784,85476,"+"
"vnz_00390",-0.388682277,0,"18h",85607,86533,"+"
"vnz_00390",-0.126145598,0,"24h",85607,86533,"+"
"vnz_00390",-0.563049681,0,"48h",85607,86533,"+"
"vnz_00395",-0.389166798,0,"18h",87182,88591,"+"
"vnz_00395",-0.512570585,0,"24h",87182,88591,"+"
"vnz_00395",-0.324840942,0,"48h",87182,88591,"+"
"vnz_00400",-0.094835847,0,"18h",88632,89147,"-"
"vnz_00400",-0.27740683,0,"24h",88632,89147,"-"
"vnz_00400",-0.122353577,0,"48h",88632,89147,"-"
"vnz_00405",-0.476359977,0,"18h",89200,91464,"-"
"vnz_00405",-0.668971331,0,"24h",89200,91464,"-"
"vnz_00405",-0.355090223,0,"48h",89200,91464,"-"
"vnz_00410",-0.415795474,0,"18h",91649,92386,"-"
"vnz_00410",-0.780183104,0,"24h",91649,92386,"-"
"vnz_00410",-0.398794134,0,"48h",91649,92386,"-"
"vnz_00415",-0.494569585,0,"18h",92502,93860,"+"
"vnz_00415",-0.704480739,0,"24h",92502,93860,"+"
"vnz_00415",-0.450805604,0,"48h",92502,93860,"+"
"vnz_00420",-0.424844858,0,"18h",93857,94780,"+"
"vnz_00420",-0.673541445,0,"24h",93857,94780,"+"
"vnz_00420",-0.342048793,0,"48h",93857,94780,"+"
"vnz_00425",-0.558430325,0,"18h",94901,95731,"-"
"vnz_00425",-0.822437736,0,"24h",94901,95731,"-"
"vnz_00425",-0.25615675,0,"48h",94901,95731,"-"
"vnz_00430",-0.54602445,0,"18h",95728,96888,"-"
"vnz_00430",-0.894074262,0,"24h",95728,96888,"-"
"vnz_00430",-0.159181062,0,"48h",95728,96888,"-"
"vnz_00435",-0.558887355,0,"18h",96888,97691,"-"
"vnz_00435",-1.082028311,0,"24h",96888,97691,"-"
"vnz_00435",-0.278974397,0,"48h",96888,97691,"-"
"vnz_00440",-0.360817111,0,"18h",97827,98708,"+"
"vnz_00440",-0.471249482,0,"24h",97827,98708,"+"
"vnz_00440",-0.465107561,0,"48h",97827,98708,"+"
"vnz_00445",-0.342829991,0,"18h",99056,100378,"+"
"vnz_00445",-0.573737982,0,"24h",99056,100378,"+"
"vnz_00445",-0.65269284,0,"48h",99056,100378,"+"
"vnz_00450",-0.510090575,0,"18h",100566,101876,"+"
"vnz_00450",-0.437356412,0,"24h",100566,101876,"+"
"vnz_00450",-0.372171833,0,"48h",100566,101876,"+"
"vnz_00455",-0.542099732,0,"18h",101968,103101,"-"
"vnz_00455",-0.326687962,0,"24h",101968,103101,"-"
"vnz_00455",-0.087720515,0,"48h",101968,103101,"-"
"vnz_00460",-0.700379017,0,"18h",103168,103734,"-"
"vnz_00460",-0.682648211,0,"24h",103168,103734,"-"
"vnz_00460",-0.240011165,0,"48h",103168,103734,"-"
"vnz_00465",-0.14429938,0,"18h",103740,104096,"-"
"vnz_00465",-0.668361093,0,"24h",103740,104096,"-"
"vnz_00465",-0.181614968,0,"48h",103740,104096,"-"
"vnz_00470",-0.466731384,0,"18h",104156,104593,"-"
"vnz_00470",-0.581109721,0,"24h",104156,104593,"-"
"vnz_00470",-0.224258079,0,"48h",104156,104593,"-"
"vnz_00475",-0.470791513,0,"18h",104590,107208,"-"
"vnz_00475",-0.664426351,0,"24h",104590,107208,"-"
"vnz_00475",-0.316709176,0,"48h",104590,107208,"-"
"vnz_00480",-0.162700245,0,"18h",107456,109231,"-"
"vnz_00480",-0.277596896,0,"24h",107456,109231,"-"
"vnz_00480",-0.325760351,0,"48h",107456,109231,"-"
"vnz_00485",-0.41886774,0,"18h",109373,109711,"+"
"vnz_00485",-0.54366263,0,"24h",109373,109711,"+"
"vnz_00485",-0.587526422,0,"48h",109373,109711,"+"
"vnz_00490",-0.471984601,0,"18h",109826,111208,"+"
"vnz_00490",-0.527275735,0,"24h",109826,111208,"+"
"vnz_00490",-0.299182151,0,"48h",109826,111208,"+"
"vnz_00495",-0.031102412,0,"18h",111292,112890,"-"
"vnz_00495",-0.598575827,0,"24h",111292,112890,"-"
"vnz_00495",-0.370149145,0,"48h",111292,112890,"-"
"vnz_00500",-0.529691336,0,"18h",113067,114077,"-"
"vnz_00500",-0.878303542,0,"24h",113067,114077,"-"
"vnz_00500",-0.377853467,0,"48h",113067,114077,"-"
"vnz_00505",-0.13475926,0,"18h",114079,114315,"-"
"vnz_00505",-1.411325211,0,"24h",114079,114315,"-"
"vnz_00505",0.277696621,0,"48h",114079,114315,"-"
"vnz_00510",-0.526935739,0,"18h",114347,115282,"-"
"vnz_00510",-0.868760096,0,"24h",114347,115282,"-"
"vnz_00510",-0.254304266,0,"48h",114347,115282,"-"
"vnz_00515",-0.424039872,0,"18h",115629,116096,"+"
"vnz_00515",-0.599952454,0,"24h",115629,116096,"+"
"vnz_00515",-0.473380402,0,"48h",115629,116096,"+"
"vnz_00520",-0.386829572,0,"18h",116329,118047,"+"
"vnz_00520",-0.563707596,0,"24h",116329,118047,"+"
"vnz_00520",-0.63351951,0,"48h",116329,118047,"+"
"vnz_00525",-1.114536594,0,"18h",118227,118670,"-"
"vnz_00525",-0.673528001,0,"24h",118227,118670,"-"
"vnz_00525",-0.372257104,0,"48h",118227,118670,"-"
"vnz_00530",-0.183266365,0,"18h",118821,119588,"-"
"vnz_00530",-0.164854036,0,"24h",118821,119588,"-"
"vnz_00530",-0.301627328,0,"48h",118821,119588,"-"
"vnz_00535",-0.240501389,0,"18h",119770,120693,"-"
"vnz_00535",-0.515560951,0,"24h",119770,120693,"-"
"vnz_00535",-0.442327214,0,"48h",119770,120693,"-"
"vnz_00540",-0.126402077,0,"18h",120821,121840,"+"
"vnz_00540",-0.597290196,0,"24h",120821,121840,"+"
"vnz_00540",-0.269486672,0,"48h",120821,121840,"+"
"vnz_00545",-0.392114908,0,"18h",121851,122432,"-"
"vnz_00545",-0.54370144,0,"24h",121851,122432,"-"
"vnz_00545",-0.154543588,0,"48h",121851,122432,"-"
"vnz_00550",-0.500619083,0,"18h",122563,123792,"+"
"vnz_00550",-0.656823576,0,"24h",122563,123792,"+"
"vnz_00550",-0.350772825,0,"48h",122563,123792,"+"
"vnz_00560",-0.557454015,0,"18h",124774,126771,"-"
"vnz_00560",-0.604853036,0,"24h",124774,126771,"-"
"vnz_00560",-0.324682017,0,"48h",124774,126771,"-"
"vnz_00570",-0.526266601,0,"18h",127954,129480,"-"
"vnz_00570",-0.551691008,0,"24h",127954,129480,"-"
"vnz_00570",-0.373920422,0,"48h",127954,129480,"-"
"vnz_00575",-0.687901159,0,"18h",129477,130985,"-"
"vnz_00575",-0.515736275,0,"24h",129477,130985,"-"
"vnz_00575",-0.511450033,0,"48h",129477,130985,"-"
"vnz_00580",-0.824601382,0,"18h",131314,131682,"-"
"vnz_00580",-0.450950238,0,"24h",131314,131682,"-"
"vnz_00580",-0.454554051,0,"48h",131314,131682,"-"
"vnz_00585",-0.34095053,0,"18h",131958,132413,"+"
"vnz_00585",-0.689470344,0,"24h",131958,132413,"+"
"vnz_00585",-0.225635184,0,"48h",131958,132413,"+"
"vnz_00595",-0.331880772,0,"18h",132831,133739,"-"
"vnz_00595",-0.482158732,0,"24h",132831,133739,"-"
"vnz_00595",-0.500717179,0,"48h",132831,133739,"-"
"vnz_00605",-0.453818659,0,"18h",134392,135081,"-"
"vnz_00605",-0.412085209,0,"24h",134392,135081,"-"
"vnz_00605",-0.450412367,0,"48h",134392,135081,"-"
"vnz_00610",-0.637985127,0,"18h",135435,135737,"+"
"vnz_00610",-0.34196981,0,"24h",135435,135737,"+"
"vnz_00610",-0.702351624,0,"48h",135435,135737,"+"
"vnz_00615",-0.314309462,0,"18h",135822,137021,"+"
"vnz_00615",-0.378214557,0,"24h",135822,137021,"+"
"vnz_00615",-0.627840094,0,"48h",135822,137021,"+"
"vnz_00625",-0.409984634,0,"18h",138191,139363,"+"
"vnz_00625",-0.437976244,0,"24h",138191,139363,"+"
"vnz_00625",-0.6871164,0,"48h",138191,139363,"+"
"vnz_00630",-0.329373906,0,"18h",139377,139949,"-"
"vnz_00630",-0.318149215,0,"24h",139377,139949,"-"
"vnz_00630",-0.24628944,0,"48h",139377,139949,"-"
"vnz_00635",-0.177797572,0,"18h",140069,140506,"+"
"vnz_00635",-0.200634782,0,"24h",140069,140506,"+"
"vnz_00635",-0.272640266,0,"48h",140069,140506,"+"
"vnz_00640",-1.280058101,0,"18h",140917,142437,"+"
"vnz_00640",-0.990940337,0,"24h",140917,142437,"+"
"vnz_00640",-0.590646069,0,"48h",140917,142437,"+"
"vnz_00645",-0.570412923,0,"18h",142600,143742,"-"
"vnz_00645",-0.329524951,0,"24h",142600,143742,"-"
"vnz_00645",-0.354875652,0,"48h",142600,143742,"-"
"vnz_00650",-0.46375902,0,"18h",143845,144840,"-"
"vnz_00650",-0.694439131,0,"24h",143845,144840,"-"
"vnz_00650",-0.599811394,0,"48h",143845,144840,"-"
"vnz_00655",-0.621154056,0,"18h",144830,145954,"-"
"vnz_00655",-0.694674502,0,"24h",144830,145954,"-"
"vnz_00655",-0.492488793,0,"48h",144830,145954,"-"
"vnz_00660",-0.414118347,0,"18h",146094,147683,"+"
"vnz_00660",-0.49218686,0,"24h",146094,147683,"+"
"vnz_00660",-0.356792412,0,"48h",146094,147683,"+"
"vnz_00665",-0.438739368,0,"18h",147702,148289,"-"
"vnz_00665",-0.473745679,0,"24h",147702,148289,"-"
"vnz_00665",-0.378918952,0,"48h",147702,148289,"-"
"vnz_00670",0.345004812,0,"18h",148447,148935,"+"
"vnz_00670",0.378340386,0,"24h",148447,148935,"+"
"vnz_00670",-0.014755241,0,"48h",148447,148935,"+"
"vnz_00675",-0.411910612,0,"18h",149032,149586,"+"
"vnz_00675",-0.2719505,0,"24h",149032,149586,"+"
"vnz_00675",-0.079723643,0,"48h",149032,149586,"+"
"vnz_00680",-0.354459776,0,"18h",149583,150764,"+"
"vnz_00680",-0.349329755,0,"24h",149583,150764,"+"
"vnz_00680",-0.585789164,0,"48h",149583,150764,"+"
"vnz_00685",-0.695525938,0,"18h",150845,152896,"-"
"vnz_00685",-0.553078453,0,"24h",150845,152896,"-"
"vnz_00685",-0.386594112,0,"48h",150845,152896,"-"
"vnz_00690",-0.558617881,0,"18h",153417,157514,"+"
"vnz_00690",-0.658847346,0,"24h",153417,157514,"+"
"vnz_00690",-0.213284581,0,"48h",153417,157514,"+"
"vnz_00695",-0.814445332,0,"18h",157516,157983,"+"
"vnz_00695",-0.755707122,0,"24h",157516,157983,"+"
"vnz_00695",-0.590547582,0,"48h",157516,157983,"+"
"vnz_00700",-0.44337869,0,"18h",158103,158957,"-"
"vnz_00700",-0.438745666,0,"24h",158103,158957,"-"
"vnz_00700",-0.507801083,0,"48h",158103,158957,"-"
"vnz_00705",-0.646858112,0,"18h",159027,159914,"+"
"vnz_00705",-0.2655943,0,"24h",159027,159914,"+"
"vnz_00705",-0.390060228,0,"48h",159027,159914,"+"
"vnz_00710",-0.210876885,0,"18h",159989,161356,"+"
"vnz_00710",-0.063991341,0,"24h",159989,161356,"+"
"vnz_00710",-0.489917734,0,"48h",159989,161356,"+"
"vnz_00715",-0.211455814,0,"18h",161454,161900,"+"
"vnz_00715",-0.11508304,0,"24h",161454,161900,"+"
"vnz_00715",-0.512930783,0,"48h",161454,161900,"+"
"vnz_00720",-0.399828164,0,"18h",161951,162349,"-"
"vnz_00720",0.106547328,0,"24h",161951,162349,"-"
"vnz_00720",-0.297776031,0,"48h",161951,162349,"-"
"vnz_00725",-0.41156089,0,"18h",162520,163647,"+"
"vnz_00725",0.008936811,0,"24h",162520,163647,"+"
"vnz_00725",-0.41714809,0,"48h",162520,163647,"+"
"vnz_00735",0.027250286,0,"18h",166201,167373,"+"
"vnz_00735",0.342864387,0,"24h",166201,167373,"+"
"vnz_00735",-0.36214802,0,"48h",166201,167373,"+"
"vnz_00740",-0.6895368,0,"18h",167348,168010,"+"
"vnz_00740",-0.26429553,0,"24h",167348,168010,"+"
"vnz_00740",-0.619947716,0,"48h",167348,168010,"+"
"vnz_00745",-0.49128861,0,"18h",168262,168627,"+"
"vnz_00745",-0.05782052,0,"24h",168262,168627,"+"
"vnz_00745",-0.480421334,0,"48h",168262,168627,"+"
"vnz_00750",-0.261222881,0,"18h",168671,169384,"-"
"vnz_00750",-0.032704497,0,"24h",168671,169384,"-"
"vnz_00750",-0.470428313,0,"48h",168671,169384,"-"
"vnz_00755",-0.570656395,0,"18h",169546,171282,"+"
"vnz_00755",-0.375255672,0,"24h",169546,171282,"+"
"vnz_00755",-0.485290131,0,"48h",169546,171282,"+"
"vnz_00760",-0.183800254,0,"18h",171650,172717,"+"
"vnz_00760",-0.184788892,0,"24h",171650,172717,"+"
"vnz_00760",-0.450615637,0,"48h",171650,172717,"+"
"vnz_00765",-0.30847288,0,"18h",172771,173817,"+"
"vnz_00765",-0.718644432,0,"24h",172771,173817,"+"
"vnz_00765",-0.428082146,0,"48h",172771,173817,"+"
"vnz_00770",-0.399933342,0,"18h",173814,174659,"+"
"vnz_00770",-0.735054672,0,"24h",173814,174659,"+"
"vnz_00770",-0.110438608,0,"48h",173814,174659,"+"
"vnz_00775",-0.128777872,0,"18h",174767,175402,"+"
"vnz_00775",-0.627618087,0,"24h",174767,175402,"+"
"vnz_00775",0.154582806,0,"48h",174767,175402,"+"
"vnz_00780",-0.733363548,0,"18h",175399,176277,"+"
"vnz_00780",-0.684828862,0,"24h",175399,176277,"+"
"vnz_00780",-0.126740821,0,"48h",175399,176277,"+"
"vnz_00785",-0.587317413,0,"18h",176226,177035,"+"
"vnz_00785",-0.430868475,0,"24h",176226,177035,"+"
"vnz_00785",-0.494141967,0,"48h",176226,177035,"+"
"vnz_00790",-0.493754332,0,"18h",177086,178747,"-"
"vnz_00790",-0.698225794,0,"24h",177086,178747,"-"
"vnz_00790",-0.317538974,0,"48h",177086,178747,"-"
"vnz_00795",-0.501370359,0,"18h",178744,180531,"-"
"vnz_00795",-0.608193008,0,"24h",178744,180531,"-"
"vnz_00795",-0.550420073,0,"48h",178744,180531,"-"
"vnz_00800",-0.470466178,0,"18h",180705,181880,"+"
"vnz_00800",-0.203941231,0,"24h",180705,181880,"+"
"vnz_00800",-0.522210773,0,"48h",180705,181880,"+"
"vnz_00805",-0.299803437,0,"18h",181867,182967,"-"
"vnz_00805",-0.212327201,0,"24h",181867,182967,"-"
"vnz_00805",-0.643359068,0,"48h",181867,182967,"-"
"vnz_00810",-0.262205589,0,"18h",182964,184094,"-"
"vnz_00810",-0.385468355,0,"24h",182964,184094,"-"
"vnz_00810",-0.091585945,0,"48h",182964,184094,"-"
"vnz_00815",-0.548198473,0,"18h",184390,185178,"+"
"vnz_00815",-0.283652065,0,"24h",184390,185178,"+"
"vnz_00815",-0.232022763,0,"48h",184390,185178,"+"
"vnz_00820",-0.548794424,0,"18h",185331,186029,"+"
"vnz_00820",-0.201040419,0,"24h",185331,186029,"+"
"vnz_00820",-0.056478098,0,"48h",185331,186029,"+"
"vnz_00825",-0.820460376,0,"18h",186229,187428,"+"
"vnz_00825",-0.684678054,0,"24h",186229,187428,"+"
"vnz_00825",-0.120865767,0,"48h",186229,187428,"+"
"vnz_00830",-0.730945468,0,"18h",187514,187933,"+"
"vnz_00830",-1.083498489,0,"24h",187514,187933,"+"
"vnz_00830",0.055512462,0,"48h",187514,187933,"+"
"vnz_00835",-0.659226434,0,"18h",187984,188808,"+"
"vnz_00835",-0.324551107,0,"24h",187984,188808,"+"
"vnz_00835",-0.169523468,0,"48h",187984,188808,"+"
"vnz_00840",-0.227881376,0,"18h",188903,189793,"+"
"vnz_00840",-0.212926198,0,"24h",188903,189793,"+"
"vnz_00840",-0.622534202,0,"48h",188903,189793,"+"
"vnz_00845",-0.454929389,0,"18h",189806,190447,"-"
"vnz_00845",0.007366702,0,"24h",189806,190447,"-"
"vnz_00845",-0.622388285,0,"48h",189806,190447,"-"
"vnz_00850",-0.357653442,0,"18h",190602,191087,"+"
"vnz_00850",-0.254624006,0,"24h",190602,191087,"+"
"vnz_00850",-0.00251096,0,"48h",190602,191087,"+"
"vnz_00855",-0.236777094,0,"18h",191088,192260,"-"
"vnz_00855",-0.269863476,0,"24h",191088,192260,"-"
"vnz_00855",-0.513905622,0,"48h",191088,192260,"-"
"vnz_00860",-0.300293744,0,"18h",192443,193552,"-"
"vnz_00860",-0.361977426,0,"24h",192443,193552,"-"
"vnz_00860",-0.559615427,0,"48h",192443,193552,"-"
"vnz_00865",-0.516080728,0,"18h",193681,195753,"-"
"vnz_00865",-0.565145565,0,"24h",193681,195753,"-"
"vnz_00865",-0.459387934,0,"48h",193681,195753,"-"
"vnz_00870",-0.545025005,0,"18h",195936,196754,"-"
"vnz_00870",-0.775481511,0,"24h",195936,196754,"-"
"vnz_00870",-0.39698695,0,"48h",195936,196754,"-"
"vnz_00875",-0.162184487,0,"18h",196790,197356,"-"
"vnz_00875",-0.426301833,0,"24h",196790,197356,"-"
"vnz_00875",-0.130917349,0,"48h",196790,197356,"-"
"vnz_00880",-0.26933681,0,"18h",197462,198712,"+"
"vnz_00880",-0.466338673,0,"24h",197462,198712,"+"
"vnz_00880",-0.105324226,0,"48h",197462,198712,"+"
"vnz_00885",-0.326183469,0,"18h",198765,199967,"+"
"vnz_00885",-0.191009654,0,"24h",198765,199967,"+"
"vnz_00885",-0.212408794,0,"48h",198765,199967,"+"
"vnz_00890",-0.1369697,0,"18h",200106,202448,"-"
"vnz_00890",-0.475080271,0,"24h",200106,202448,"-"
"vnz_00890",-0.19812935,0,"48h",200106,202448,"-"
"vnz_00900",0.281354782,0,"18h",203199,203873,"+"
"vnz_00900",-0.507582419,0,"24h",203199,203873,"+"
"vnz_00900",0.556150745,0,"48h",203199,203873,"+"
"vnz_00905",-0.12141415,0,"18h",204054,204761,"+"
"vnz_00905",-0.268591101,0,"24h",204054,204761,"+"
"vnz_00905",-0.166684189,0,"48h",204054,204761,"+"
"vnz_00910",-0.109099963,0,"18h",204758,205825,"+"
"vnz_00910",-0.106315697,0,"24h",204758,205825,"+"
"vnz_00910",-0.246785933,0,"48h",204758,205825,"+"
"vnz_00915",-0.264581835,0,"18h",205933,206919,"+"
"vnz_00915",-0.254189565,0,"24h",205933,206919,"+"
"vnz_00915",-0.350253795,0,"48h",205933,206919,"+"
"vnz_00920",0.060814369,0,"18h",207003,207860,"+"
"vnz_00920",-0.18599129,0,"24h",207003,207860,"+"
"vnz_00920",-0.114706329,0,"48h",207003,207860,"+"
"vnz_00925",-0.28784462,0,"18h",207904,208461,"+"
"vnz_00925",-0.015632044,0,"24h",207904,208461,"+"
"vnz_00925",-0.1647343,0,"48h",207904,208461,"+"
"vnz_00930",-0.324613344,0,"18h",208607,210319,"+"
"vnz_00930",-0.150206197,0,"24h",208607,210319,"+"
"vnz_00930",-0.517663574,0,"48h",208607,210319,"+"
"vnz_00935",-0.317880317,0,"18h",210354,211733,"+"
"vnz_00935",-0.120106407,0,"24h",210354,211733,"+"
"vnz_00935",-0.433389442,0,"48h",210354,211733,"+"
"vnz_00940",-0.337210329,0,"18h",211986,212879,"+"
"vnz_00940",-0.176922445,0,"24h",211986,212879,"+"
"vnz_00940",-0.343228317,0,"48h",211986,212879,"+"
"vnz_00945",-0.003589828,0,"18h",212979,215699,"+"
"vnz_00945",-0.165665085,0,"24h",212979,215699,"+"
"vnz_00945",-0.02144045,0,"48h",212979,215699,"+"
"vnz_00950",-0.377655595,0,"18h",215624,216271,"+"
"vnz_00950",-0.478457393,0,"24h",215624,216271,"+"
"vnz_00950",-0.332026227,0,"48h",215624,216271,"+"
"vnz_00960",-0.285275859,0,"18h",216846,217775,"-"
"vnz_00960",-0.79639564,0,"24h",216846,217775,"-"
"vnz_00960",-0.330284745,0,"48h",216846,217775,"-"
"vnz_00965",-0.392479915,0,"18h",217772,218860,"-"
"vnz_00965",-0.960220159,0,"24h",217772,218860,"-"
"vnz_00965",-0.210367574,0,"48h",217772,218860,"-"
"vnz_00970",-0.928688972,0,"18h",219153,219836,"-"
"vnz_00970",-0.82238713,0,"24h",219153,219836,"-"
"vnz_00970",-0.309978078,0,"48h",219153,219836,"-"
"vnz_00975",-0.358465129,0,"18h",220123,220836,"-"
"vnz_00975",-0.502101103,0,"24h",220123,220836,"-"
"vnz_00975",-0.415540633,0,"48h",220123,220836,"-"
"vnz_00980",-0.1620396,0,"18h",220900,221817,"-"
"vnz_00980",-0.369783128,0,"24h",220900,221817,"-"
"vnz_00980",-0.12823438,0,"48h",220900,221817,"-"
"vnz_00985",-0.519708228,0,"18h",221820,223028,"-"
"vnz_00985",-0.765177172,0,"24h",221820,223028,"-"
"vnz_00985",-0.343602602,0,"48h",221820,223028,"-"
"vnz_00990",-0.011698759,0,"18h",223219,223530,"+"
"vnz_00990",-0.391427542,0,"24h",223219,223530,"+"
"vnz_00990",0.294271508,0,"48h",223219,223530,"+"
"vnz_00995",0.122752939,0,"18h",223665,224246,"+"
"vnz_00995",-0.010430476,0,"24h",223665,224246,"+"
"vnz_00995",-0.099924171,0,"48h",223665,224246,"+"
"vnz_01005",-0.555560989,0,"18h",225638,226207,"-"
"vnz_01005",-0.990964735,0,"24h",225638,226207,"-"
"vnz_01005",-0.344230858,0,"48h",225638,226207,"-"
"vnz_01015",-0.78609827,0,"18h",227918,229297,"+"
"vnz_01015",-0.770451405,0,"24h",227918,229297,"+"
"vnz_01015",-0.674307126,0,"48h",227918,229297,"+"
"vnz_01020",-0.158553047,0,"18h",229417,230244,"-"
"vnz_01020",-0.823987891,0,"24h",229417,230244,"-"
"vnz_01020",0.164542908,0,"48h",229417,230244,"-"
"vnz_01025",-0.016030563,0,"18h",230456,230911,"+"
"vnz_01025",-0.658048612,0,"24h",230456,230911,"+"
"vnz_01025",-0.127209727,0,"48h",230456,230911,"+"
"vnz_01030",-0.400448692,0,"18h",230976,232055,"+"
"vnz_01030",-0.543450166,0,"24h",230976,232055,"+"
"vnz_01030",0.054428867,0,"48h",230976,232055,"+"
"vnz_01035",-0.565934923,0,"18h",232052,232540,"+"
"vnz_01035",-1.295745014,0,"24h",232052,232540,"+"
"vnz_01035",-0.00399754,0,"48h",232052,232540,"+"
"vnz_01040",-0.799048149,0,"18h",232637,234280,"-"
"vnz_01040",-0.933748472,0,"24h",232637,234280,"-"
"vnz_01040",-0.069142882,0,"48h",232637,234280,"-"
"vnz_01045",-0.688262219,0,"18h",234363,235139,"-"
"vnz_01045",-0.744409,0,"24h",234363,235139,"-"
"vnz_01045",-0.366407925,0,"48h",234363,235139,"-"
"vnz_01050",-0.761978552,0,"18h",235213,236646,"-"
"vnz_01050",-0.936898288,0,"24h",235213,236646,"-"
"vnz_01050",-0.353263157,0,"48h",235213,236646,"-"
"vnz_01055",-0.338705716,0,"18h",237067,238188,"-"
"vnz_01055",-0.89754852,0,"24h",237067,238188,"-"
"vnz_01055",-0.166842862,0,"48h",237067,238188,"-"
"vnz_01060",-0.842209567,0,"18h",238307,238771,"+"
"vnz_01060",-0.611445743,0,"24h",238307,238771,"+"
"vnz_01060",-0.519827688,0,"48h",238307,238771,"+"
"vnz_01065",-0.919345161,0,"18h",238983,239786,"+"
"vnz_01065",-1.03002863,0,"24h",238983,239786,"+"
"vnz_01065",-0.386537722,0,"48h",238983,239786,"+"
"vnz_01070",-0.606974036,0,"18h",240176,240727,"+"
"vnz_01070",-1.048638855,0,"24h",240176,240727,"+"
"vnz_01070",-0.154761008,0,"48h",240176,240727,"+"
"vnz_01075",-0.566689142,0,"18h",240786,242057,"+"
"vnz_01075",-0.690658119,0,"24h",240786,242057,"+"
"vnz_01075",-0.258988746,0,"48h",240786,242057,"+"
"vnz_01080",-0.694968104,0,"18h",242110,242526,"+"
"vnz_01080",-0.938005548,0,"24h",242110,242526,"+"
"vnz_01080",-0.15285102,0,"48h",242110,242526,"+"
"vnz_01085",-0.815087348,0,"18h",242576,243472,"+"
"vnz_01085",-0.489922163,0,"24h",242576,243472,"+"
"vnz_01085",-0.280380313,0,"48h",242576,243472,"+"
"vnz_01090",-0.726368951,0,"18h",243599,244585,"-"
"vnz_01090",-0.357431295,0,"24h",243599,244585,"-"
"vnz_01090",-0.535475387,0,"48h",243599,244585,"-"
"vnz_01095",-0.266558391,0,"18h",244653,245108,"+"
"vnz_01095",-0.36800923,0,"24h",244653,245108,"+"
"vnz_01095",-0.554741065,0,"48h",244653,245108,"+"
"vnz_01100",0.17337769,0,"18h",245238,246029,"+"
"vnz_01100",0.09833691,0,"24h",245238,246029,"+"
"vnz_01100",-0.209114612,0,"48h",245238,246029,"+"
"vnz_01105",0.022124374,0,"18h",246081,246890,"+"
"vnz_01105",-0.074023922,0,"24h",246081,246890,"+"
"vnz_01105",-0.376265116,0,"48h",246081,246890,"+"
"vnz_01110",-0.528768296,0,"18h",247023,247754,"+"
"vnz_01110",-0.08897495,0,"24h",247023,247754,"+"
"vnz_01110",-0.461065441,0,"48h",247023,247754,"+"
"vnz_01115",-0.401648201,0,"18h",247863,249137,"+"
"vnz_01115",-0.0258008,0,"24h",247863,249137,"+"
"vnz_01115",-0.50898424,0,"48h",247863,249137,"+"
"vnz_01120",-0.322744949,0,"18h",249137,249976,"+"
"vnz_01120",-0.088320674,0,"24h",249137,249976,"+"
"vnz_01120",-0.032919157,0,"48h",249137,249976,"+"
"vnz_01125",-0.326645459,0,"18h",250071,251300,"-"
"vnz_01125",-0.619965487,0,"24h",250071,251300,"-"
"vnz_01125",-0.064117263,0,"48h",250071,251300,"-"
"vnz_01130",-0.390024031,0,"18h",251362,251745,"+"
"vnz_01130",-0.357875128,0,"24h",251362,251745,"+"
"vnz_01130",-0.574459916,0,"48h",251362,251745,"+"
"vnz_01145",-0.38885359,0,"18h",254026,254505,"-"
"vnz_01145",-0.543353242,0,"24h",254026,254505,"-"
"vnz_01145",-0.054662651,0,"48h",254026,254505,"-"
"vnz_01150",-0.575173117,0,"18h",254523,256919,"-"
"vnz_01150",-0.887356984,0,"24h",254523,256919,"-"
"vnz_01150",-0.430126524,0,"48h",254523,256919,"-"
"vnz_01155",-0.366163675,0,"18h",257035,257331,"-"
"vnz_01155",-0.651799719,0,"24h",257035,257331,"-"
"vnz_01155",-0.272340521,0,"48h",257035,257331,"-"
"vnz_01160",-0.359820341,0,"18h",257561,257998,"+"
"vnz_01160",-0.629637836,0,"24h",257561,257998,"+"
"vnz_01160",-0.232329417,0,"48h",257561,257998,"+"
"vnz_01165",-0.191737139,0,"18h",258036,258734,"-"
"vnz_01165",-0.317872251,0,"24h",258036,258734,"-"
"vnz_01165",0.051687567,0,"48h",258036,258734,"-"
"vnz_01170",-0.786983219,0,"18h",258847,260349,"+"
"vnz_01170",-0.814492468,0,"24h",258847,260349,"+"
"vnz_01170",-0.735166932,0,"48h",258847,260349,"+"
"vnz_01175",-0.303972922,0,"18h",260351,260767,"+"
"vnz_01175",-0.540358428,0,"24h",260351,260767,"+"
"vnz_01175",-0.32073389,0,"48h",260351,260767,"+"
"vnz_01180",-0.32938612,0,"18h",260782,262224,"-"
"vnz_01180",-0.534258726,0,"24h",260782,262224,"-"
"vnz_01180",-0.14766327,0,"48h",260782,262224,"-"
"vnz_01185",-0.353634456,0,"18h",262429,263673,"-"
"vnz_01185",-0.193751459,0,"24h",262429,263673,"-"
"vnz_01185",-0.314588496,0,"48h",262429,263673,"-"
"vnz_01190",-0.28629726,0,"18h",263858,264751,"-"
"vnz_01190",-0.333694874,0,"24h",263858,264751,"-"
"vnz_01190",-0.46036923,0,"48h",263858,264751,"-"
"vnz_01195",-0.302733041,0,"18h",264810,266012,"+"
"vnz_01195",-0.267475359,0,"24h",264810,266012,"+"
"vnz_01195",-0.434919111,0,"48h",264810,266012,"+"
"vnz_01200",-0.680294911,0,"18h",266107,266958,"-"
"vnz_01200",-0.58355695,0,"24h",266107,266958,"-"
"vnz_01200",-0.538963667,0,"48h",266107,266958,"-"
"vnz_01205",-0.564150102,0,"18h",267226,267531,"+"
"vnz_01205",-0.754761882,0,"24h",267226,267531,"+"
"vnz_01205",-0.367762058,0,"48h",267226,267531,"+"
"vnz_01210",-1.82595559,0,"18h",267562,267930,"-"
"vnz_01210",-1.902569871,0,"24h",267562,267930,"-"
"vnz_01210",-1.490360209,0,"48h",267562,267930,"-"
"vnz_01215",-2.284824448,0,"18h",268226,268663,"+"
"vnz_01215",-2.888908351,0,"24h",268226,268663,"+"
"vnz_01215",-3.135587065,0,"48h",268226,268663,"+"
"vnz_01220",-0.857685404,0,"18h",268854,269207,"+"
"vnz_01220",-0.449152398,0,"24h",268854,269207,"+"
"vnz_01220",-0.70626062,0,"48h",268854,269207,"+"
"vnz_01225",-0.411695328,0,"18h",269499,270788,"+"
"vnz_01225",-0.237346443,0,"24h",269499,270788,"+"
"vnz_01225",-0.319542428,0,"48h",269499,270788,"+"
"vnz_01230",-0.34895129,0,"18h",270766,271707,"-"
"vnz_01230",-0.297494531,0,"24h",270766,271707,"-"
"vnz_01230",-0.143463825,0,"48h",270766,271707,"-"
"vnz_01235",-0.335423549,0,"18h",271908,272459,"+"
"vnz_01235",-0.309877792,0,"24h",271908,272459,"+"
"vnz_01235",-0.095581093,0,"48h",271908,272459,"+"
"vnz_01240",-0.04364863,0,"18h",272479,273000,"-"
"vnz_01240",-0.470660431,0,"24h",272479,273000,"-"
"vnz_01240",-0.322415715,0,"48h",272479,273000,"-"
"vnz_01245",-0.439480634,0,"18h",273109,273801,"+"
"vnz_01245",-0.445131387,0,"24h",273109,273801,"+"
"vnz_01245",-0.521471105,0,"48h",273109,273801,"+"
"vnz_01260",-1.095766325,0,"18h",276751,278220,"+"
"vnz_01260",-0.791898559,0,"24h",276751,278220,"+"
"vnz_01260",-0.341209559,0,"48h",276751,278220,"+"
"vnz_01265",0.371231193,0,"18h",278304,279797,"-"
"vnz_01265",0.258519847,0,"24h",278304,279797,"-"
"vnz_01265",0.224044876,0,"48h",278304,279797,"-"
"vnz_01270",0.271761315,0,"18h",280031,281158,"+"
"vnz_01270",0.323093868,0,"24h",280031,281158,"+"
"vnz_01270",-0.087110765,0,"48h",280031,281158,"+"
"vnz_01275",-0.474463293,0,"18h",281525,283444,"+"
"vnz_01275",-0.395045071,0,"24h",281525,283444,"+"
"vnz_01275",-0.485035016,0,"48h",281525,283444,"+"
"vnz_01280",-1.26301042,0,"18h",283605,285791,"+"
"vnz_01280",-1.221778081,0,"24h",283605,285791,"+"
"vnz_01280",-0.549811213,0,"48h",283605,285791,"+"
"vnz_01285",-0.117735254,0,"18h",285901,286266,"-"
"vnz_01285",-0.496929171,0,"24h",285901,286266,"-"
"vnz_01285",-0.193572009,0,"48h",285901,286266,"-"
"vnz_01290",0.305926557,0,"18h",286284,286784,"-"
"vnz_01290",-0.216035773,0,"24h",286284,286784,"-"
"vnz_01290",-0.063084604,0,"48h",286284,286784,"-"
"vnz_01300",-0.417674879,0,"18h",290230,290649,"-"
"vnz_01300",-0.361506913,0,"24h",290230,290649,"-"
"vnz_01300",-0.290532562,0,"48h",290230,290649,"-"
"vnz_01305",-0.579305087,0,"18h",290683,291867,"-"
"vnz_01305",-0.654178511,0,"24h",290683,291867,"-"
"vnz_01305",-0.205830462,0,"48h",290683,291867,"-"
"vnz_01310",-0.767372016,0,"18h",291857,292927,"-"
"vnz_01310",-0.888797835,0,"24h",291857,292927,"-"
"vnz_01310",0.052315936,0,"48h",291857,292927,"-"
"vnz_01315",-0.643581936,0,"18h",292924,293886,"-"
"vnz_01315",-1.040615692,0,"24h",292924,293886,"-"
"vnz_01315",0.209206063,0,"48h",292924,293886,"-"
"vnz_01320",-0.659276061,0,"18h",293949,294749,"-"
"vnz_01320",-0.643650018,0,"24h",293949,294749,"-"
"vnz_01320",-0.465605127,0,"48h",293949,294749,"-"
"vnz_01325",-0.527638968,0,"18h",294913,296550,"+"
"vnz_01325",-0.353939301,0,"24h",294913,296550,"+"
"vnz_01325",-0.293210567,0,"48h",294913,296550,"+"
"vnz_01330",-0.441023377,0,"18h",296570,296983,"-"
"vnz_01330",-0.453734534,0,"24h",296570,296983,"-"
"vnz_01330",-0.709557792,0,"48h",296570,296983,"-"
"vnz_01330",-0.441023377,0,"18h",296570,296983,"-"
"vnz_01330",-0.453734534,0,"24h",296570,296983,"-"
"vnz_01330",-0.709557792,0,"48h",296570,296983,"-"
"vnz_01335",-0.065618873,0,"18h",297140,297805,"-"
"vnz_01335",-0.147042183,0,"24h",297140,297805,"-"
"vnz_01335",-0.026597604,0,"48h",297140,297805,"-"
"vnz_01340",-0.406897472,0,"18h",297884,298234,"+"
"vnz_01340",-0.280290099,0,"24h",297884,298234,"+"
"vnz_01340",-0.363723457,0,"48h",297884,298234,"+"
"vnz_01345",-0.167642084,0,"18h",298275,299795,"-"
"vnz_01345",-0.247850948,0,"24h",298275,299795,"-"
"vnz_01345",-0.334983236,0,"48h",298275,299795,"-"
"vnz_01350",0.292880618,0,"18h",299786,300715,"+"
"vnz_01350",-0.077724749,0,"24h",299786,300715,"+"
"vnz_01350",-0.132140894,0,"48h",299786,300715,"+"
"vnz_01355",0.213132317,0,"18h",300717,302696,"-"
"vnz_01355",-0.292999275,0,"24h",300717,302696,"-"
"vnz_01355",-0.165188957,0,"48h",300717,302696,"-"
"vnz_01360",-0.338724687,0,"18h",302800,303576,"-"
"vnz_01360",-0.832943626,0,"24h",302800,303576,"-"
"vnz_01360",-0.305035763,0,"48h",302800,303576,"-"
"vnz_01365",-0.698972832,0,"18h",303599,304153,"-"
"vnz_01365",-1.217162757,0,"24h",303599,304153,"-"
"vnz_01365",-0.208212024,0,"48h",303599,304153,"-"
"vnz_01370",-0.459223838,0,"18h",304200,305420,"-"
"vnz_01370",-0.767875684,0,"24h",304200,305420,"-"
"vnz_01370",-0.075260819,0,"48h",304200,305420,"-"
"vnz_01375",-0.171474331,0,"18h",305615,306904,"+"
"vnz_01375",-0.163743654,0,"24h",305615,306904,"+"
"vnz_01375",-0.334338955,0,"48h",305615,306904,"+"
"vnz_01380",-0.31610044,0,"18h",306933,308438,"-"
"vnz_01380",-0.274437061,0,"24h",306933,308438,"-"
"vnz_01380",-0.261480625,0,"48h",306933,308438,"-"
"vnz_01390",-0.306845178,0,"18h",311037,312134,"-"
"vnz_01390",-0.496086504,0,"24h",311037,312134,"-"
"vnz_01390",-0.16373565,0,"48h",311037,312134,"-"
"vnz_01395",-0.432852974,0,"18h",312359,313018,"-"
"vnz_01395",-0.481179873,0,"24h",312359,313018,"-"
"vnz_01395",-0.010910375,0,"48h",312359,313018,"-"
"vnz_01400",-0.341593736,0,"18h",313191,313844,"+"
"vnz_01400",-0.481226403,0,"24h",313191,313844,"+"
"vnz_01400",-0.225436926,0,"48h",313191,313844,"+"
"vnz_01405",-0.120256022,0,"18h",313860,314591,"-"
"vnz_01405",-0.39564536,0,"24h",313860,314591,"-"
"vnz_01405",-0.10858672,0,"48h",313860,314591,"-"
"vnz_01410",-0.521226353,0,"18h",314753,316246,"+"
"vnz_01410",-0.786077838,0,"24h",314753,316246,"+"
"vnz_01410",-0.456577206,0,"48h",314753,316246,"+"
"vnz_01415",-0.422727555,0,"18h",316281,317396,"+"
"vnz_01415",-0.673147684,0,"24h",316281,317396,"+"
"vnz_01415",-0.43808682,0,"48h",316281,317396,"+"
"vnz_01420",-0.38914948,0,"18h",317435,318943,"-"
"vnz_01420",-0.707229918,0,"24h",317435,318943,"-"
"vnz_01420",-0.192875048,0,"48h",317435,318943,"-"
"vnz_01425",-0.658645893,0,"18h",319092,320642,"-"
"vnz_01425",-0.834770907,0,"24h",319092,320642,"-"
"vnz_01425",-0.372477277,0,"48h",319092,320642,"-"
"vnz_01430",-0.566459926,0,"18h",320639,321748,"-"
"vnz_01430",-0.801155062,0,"24h",320639,321748,"-"
"vnz_01430",-0.101928363,0,"48h",320639,321748,"-"
"vnz_01435",-0.388995078,0,"18h",321875,323722,"+"
"vnz_01435",-0.546753011,0,"24h",321875,323722,"+"
"vnz_01435",-0.307646076,0,"48h",321875,323722,"+"
"vnz_01440",-0.434040334,0,"18h",323962,325971,"+"
"vnz_01440",-0.402692944,0,"24h",323962,325971,"+"
"vnz_01440",-0.328563674,0,"48h",323962,325971,"+"
"vnz_01445",-0.257840286,0,"18h",326055,326837,"-"
"vnz_01445",-0.21347908,0,"24h",326055,326837,"-"
"vnz_01445",-0.303726518,0,"48h",326055,326837,"-"
"vnz_01450",-0.264481764,0,"18h",326918,327826,"-"
"vnz_01450",-0.379865332,0,"24h",326918,327826,"-"
"vnz_01450",-0.436534304,0,"48h",326918,327826,"-"
"vnz_01455",-0.310304171,0,"18h",327864,329063,"-"
"vnz_01455",-0.540624978,0,"24h",327864,329063,"-"
"vnz_01455",-0.224915397,0,"48h",327864,329063,"-"
"vnz_01460",-0.335215007,0,"18h",329067,330101,"-"
"vnz_01460",-0.515326643,0,"24h",329067,330101,"-"
"vnz_01460",-0.453353149,0,"48h",329067,330101,"-"
"vnz_01465",-0.403007212,0,"18h",330290,331858,"-"
"vnz_01465",-0.8636353,0,"24h",330290,331858,"-"
"vnz_01465",-0.159217531,0,"48h",330290,331858,"-"
"vnz_01470",-0.207431627,0,"18h",332005,334566,"-"
"vnz_01470",-0.511729884,0,"24h",332005,334566,"-"
"vnz_01470",-0.38358956,0,"48h",332005,334566,"-"
"vnz_01475",-0.521175627,0,"18h",334548,335462,"-"
"vnz_01475",-0.51750246,0,"24h",334548,335462,"-"
"vnz_01475",-0.097781922,0,"48h",334548,335462,"-"
"vnz_01480",-0.16001199,0,"18h",335538,335945,"-"
"vnz_01480",-0.246565349,0,"24h",335538,335945,"-"
"vnz_01480",-0.03627794,0,"48h",335538,335945,"-"
"vnz_01485",-0.591394506,0,"18h",335995,336879,"+"
"vnz_01485",-0.526104654,0,"24h",335995,336879,"+"
"vnz_01485",-0.304934917,0,"48h",335995,336879,"+"
"vnz_01490",-0.491346172,0,"18h",336934,338124,"-"
"vnz_01490",-0.604213242,0,"24h",336934,338124,"-"
"vnz_01490",-0.51220979,0,"48h",336934,338124,"-"
"vnz_01495",-0.666245528,0,"18h",338306,338506,"-"
"vnz_01495",-0.347945465,0,"24h",338306,338506,"-"
"vnz_01495",-0.431383649,0,"48h",338306,338506,"-"
"vnz_01500",-0.228625555,0,"18h",338670,339527,"+"
"vnz_01500",-0.268476011,0,"24h",338670,339527,"+"
"vnz_01500",-0.167751492,0,"48h",338670,339527,"+"
"vnz_01505",0.064245965,0,"18h",339573,339836,"+"
"vnz_01505",0.754534871,0,"24h",339573,339836,"+"
"vnz_01505",0.229993927,0,"48h",339573,339836,"+"
"vnz_01510",-0.177300879,0,"18h",339865,343419,"-"
"vnz_01510",-0.391181797,0,"24h",339865,343419,"-"
"vnz_01510",-0.145469633,0,"48h",339865,343419,"-"
"vnz_01515",-0.356075334,0,"18h",343358,345442,"+"
"vnz_01515",-0.298783332,0,"24h",343358,345442,"+"
"vnz_01515",-0.240041238,0,"48h",343358,345442,"+"
"vnz_01520",-0.224174528,0,"18h",345484,346509,"+"
"vnz_01520",-0.4993768,0,"24h",345484,346509,"+"
"vnz_01520",-0.273147869,0,"48h",345484,346509,"+"
"vnz_01525",-0.371725163,0,"18h",346639,348036,"-"
"vnz_01525",-0.541140387,0,"24h",346639,348036,"-"
"vnz_01525",-0.551986506,0,"48h",346639,348036,"-"
"vnz_01530",-0.120704859,0,"18h",348234,348932,"-"
"vnz_01530",-0.264962192,0,"24h",348234,348932,"-"
"vnz_01530",-0.336277363,0,"48h",348234,348932,"-"
"vnz_01535",-0.085737802,0,"18h",349058,349906,"+"
"vnz_01535",-0.296776748,0,"24h",349058,349906,"+"
"vnz_01535",-0.311387138,0,"48h",349058,349906,"+"
"vnz_01540",-0.347108318,0,"18h",350023,350829,"+"
"vnz_01540",-0.422594455,0,"24h",350023,350829,"+"
"vnz_01540",-0.335661386,0,"48h",350023,350829,"+"
"vnz_01545",0.117079222,0,"18h",350869,351513,"-"
"vnz_01545",0.064126052,0,"24h",350869,351513,"-"
"vnz_01545",0.059502204,0,"48h",350869,351513,"-"
"vnz_01550",-0.476603242,0,"18h",351614,354343,"+"
"vnz_01550",-0.578413729,0,"24h",351614,354343,"+"
"vnz_01550",-0.507690285,0,"48h",351614,354343,"+"
"vnz_01555",-0.042086543,0,"18h",354368,355216,"+"
"vnz_01555",-0.638513714,0,"24h",354368,355216,"+"
"vnz_01555",0.136335731,0,"48h",354368,355216,"+"
"vnz_01560",-0.441696095,0,"18h",355216,356199,"+"
"vnz_01560",-0.616986838,0,"24h",355216,356199,"+"
"vnz_01560",-0.14739366,0,"48h",355216,356199,"+"
"vnz_01565",-0.392095273,0,"18h",356634,358004,"-"
"vnz_01565",-0.44869212,0,"24h",356634,358004,"-"
"vnz_01565",-0.143434527,0,"48h",356634,358004,"-"
"vnz_01570",-0.50378225,0,"18h",358399,359595,"+"
"vnz_01570",-0.623715156,0,"24h",358399,359595,"+"
"vnz_01570",-0.14181574,0,"48h",358399,359595,"+"
"vnz_01575",-0.056430414,0,"18h",359695,361164,"+"
"vnz_01575",-0.266458192,0,"24h",359695,361164,"+"
"vnz_01575",-0.18380406,0,"48h",359695,361164,"+"
"vnz_01580",1.812952015,0,"18h",361234,361737,"+"
"vnz_01580",1.126887382,0,"24h",361234,361737,"+"
"vnz_01580",0.564263457,0,"48h",361234,361737,"+"
"vnz_01590",-0.454656598,0,"18h",363100,364290,"+"
"vnz_01590",-0.119811586,0,"24h",363100,364290,"+"
"vnz_01590",-0.484400088,0,"48h",363100,364290,"+"
"vnz_01595",-0.340953095,0,"18h",364372,365043,"+"
"vnz_01595",-0.336263451,0,"24h",364372,365043,"+"
"vnz_01595",0.003062918,0,"48h",364372,365043,"+"
"vnz_01600",0.270456864,0,"18h",365134,365736,"+"
"vnz_01600",0.072933345,0,"24h",365134,365736,"+"
"vnz_01600",0.098131766,0,"48h",365134,365736,"+"
"vnz_01605",-0.392652915,0,"18h",365786,366379,"+"
"vnz_01605",-0.424101,0,"24h",365786,366379,"+"
"vnz_01605",-0.523781006,0,"48h",365786,366379,"+"
"vnz_01610",-0.708218297,0,"18h",366525,368588,"+"
"vnz_01610",-0.474538996,0,"24h",366525,368588,"+"
"vnz_01610",-0.626677841,0,"48h",366525,368588,"+"
"vnz_01615",-0.695318015,0,"18h",368682,369971,"-"
"vnz_01615",-0.402327477,0,"24h",368682,369971,"-"
"vnz_01615",0.055979664,0,"48h",368682,369971,"-"
"vnz_01620",-0.31195387,0,"18h",370173,370877,"+"
"vnz_01620",0.026686734,0,"24h",370173,370877,"+"
"vnz_01620",-0.162778248,0,"48h",370173,370877,"+"
"vnz_01625",-0.660132176,0,"18h",370909,371634,"-"
"vnz_01625",-0.453033238,0,"24h",370909,371634,"-"
"vnz_01625",-0.512724542,0,"48h",370909,371634,"-"
"vnz_01630",-0.142961319,0,"18h",371739,372578,"+"
"vnz_01630",0.062555946,0,"24h",371739,372578,"+"
"vnz_01630",-0.198193469,0,"48h",371739,372578,"+"
"vnz_01635",-0.936741897,0,"18h",372655,372954,"-"
"vnz_01635",-0.548418495,0,"24h",372655,372954,"-"
"vnz_01635",-0.091812432,0,"48h",372655,372954,"-"
"vnz_01645",0.366572513,0,"18h",374184,375560,"-"
"vnz_01645",0.113529182,0,"24h",374184,375560,"-"
"vnz_01645",-0.091723041,0,"48h",374184,375560,"-"
"vnz_01650",0.379133123,0,"18h",375668,376048,"-"
"vnz_01650",0.250230604,0,"24h",375668,376048,"-"
"vnz_01650",-0.389188982,0,"48h",375668,376048,"-"
"vnz_01655",-0.025278495,0,"18h",376524,377219,"+"
"vnz_01655",6.91087e-06,0,"24h",376524,377219,"+"
"vnz_01655",-0.339099579,0,"48h",376524,377219,"+"
"vnz_01660",-0.038961529,0,"18h",377333,378283,"+"
"vnz_01660",-0.311993118,0,"24h",377333,378283,"+"
"vnz_01660",-0.284457481,0,"48h",377333,378283,"+"
"vnz_01665",-0.252442226,0,"18h",378308,379600,"-"
"vnz_01665",-0.215117,0,"24h",378308,379600,"-"
"vnz_01665",-0.410901828,0,"48h",378308,379600,"-"
"vnz_01670",-0.117322725,0,"18h",379759,380772,"-"
"vnz_01670",-0.153788883,0,"24h",379759,380772,"-"
"vnz_01670",-0.323683995,0,"48h",379759,380772,"-"
"vnz_01675",-0.20067801,0,"18h",380826,381455,"+"
"vnz_01675",-0.49220952,0,"24h",380826,381455,"+"
"vnz_01675",-0.271228066,0,"48h",380826,381455,"+"
"vnz_01680",-0.124032686,0,"18h",381662,382402,"+"
"vnz_01680",-0.085044745,0,"24h",381662,382402,"+"
"vnz_01680",-0.224711257,0,"48h",381662,382402,"+"
"vnz_01685",-0.1923948,0,"18h",382601,384622,"+"
"vnz_01685",-0.187144466,0,"24h",382601,384622,"+"
"vnz_01685",-0.463248302,0,"48h",382601,384622,"+"
"vnz_01690",-0.332352795,0,"18h",384868,385707,"+"
"vnz_01690",-0.183763306,0,"24h",384868,385707,"+"
"vnz_01690",-0.504732727,0,"48h",384868,385707,"+"
"vnz_01695",-0.268289168,0,"18h",385847,386437,"+"
"vnz_01695",-0.089918073,0,"24h",385847,386437,"+"
"vnz_01695",-0.261995988,0,"48h",385847,386437,"+"
"vnz_01700",-0.368192878,0,"18h",386573,389452,"-"
"vnz_01700",-0.273730417,0,"24h",386573,389452,"-"
"vnz_01700",-0.348399478,0,"48h",386573,389452,"-"
"vnz_01705",0.434341096,0,"18h",389500,389973,"-"
"vnz_01705",0.113948599,0,"24h",389500,389973,"-"
"vnz_01705",0.046839558,0,"48h",389500,389973,"-"
"vnz_01710",-0.429596795,0,"18h",390210,391802,"+"
"vnz_01710",-0.304946145,0,"24h",390210,391802,"+"
"vnz_01710",-0.469737666,0,"48h",390210,391802,"+"
"vnz_01715",-0.374289941,0,"18h",391885,392721,"-"
"vnz_01715",-0.313488224,0,"24h",391885,392721,"-"
"vnz_01715",-0.310486572,0,"48h",391885,392721,"-"
"vnz_01720",-0.785535826,0,"18h",392953,393372,"+"
"vnz_01720",-0.786477408,0,"24h",392953,393372,"+"
"vnz_01720",-0.536139721,0,"48h",392953,393372,"+"
"vnz_01725",-0.423437101,0,"18h",393405,394034,"-"
"vnz_01725",-0.581165029,0,"24h",393405,394034,"-"
"vnz_01725",-0.618315584,0,"48h",393405,394034,"-"
"vnz_01730",-0.075985005,0,"18h",394128,395342,"-"
"vnz_01730",-0.357565828,0,"24h",394128,395342,"-"
"vnz_01730",-0.14472789,0,"48h",394128,395342,"-"
"vnz_01735",0.184980071,0,"18h",395456,395968,"+"
"vnz_01735",-0.191862946,0,"24h",395456,395968,"+"
"vnz_01735",-0.118638286,0,"48h",395456,395968,"+"
"vnz_01740",-0.235449508,0,"18h",396091,397266,"-"
"vnz_01740",-0.344325085,0,"24h",396091,397266,"-"
"vnz_01740",-0.287549533,0,"48h",396091,397266,"-"
"vnz_01745",1.318562299,0,"18h",397325,397693,"-"
"vnz_01745",1.146435518,0,"24h",397325,397693,"-"
"vnz_01745",1.137681718,0,"48h",397325,397693,"-"
"vnz_01750",-0.111551032,0,"18h",397773,400241,"-"
"vnz_01750",-0.385584127,0,"24h",397773,400241,"-"
"vnz_01750",-0.32082236,0,"48h",397773,400241,"-"
"vnz_01755",-0.194793524,0,"18h",400362,404366,"-"
"vnz_01755",-0.317109545,0,"24h",400362,404366,"-"
"vnz_01755",-0.371011777,0,"48h",400362,404366,"-"
"vnz_01760",-0.499945492,0,"18h",404720,404881,"-"
"vnz_01760",-0.288807559,0,"24h",404720,404881,"-"
"vnz_01760",-1.146973595,0,"48h",404720,404881,"-"
"vnz_01765",-0.4195354,0,"18h",405413,406624,"+"
"vnz_01765",-0.237862619,0,"24h",405413,406624,"+"
"vnz_01765",-0.55139606,0,"48h",405413,406624,"+"
"vnz_01770",-0.484004603,0,"18h",406657,407490,"-"
"vnz_01770",-0.402755252,0,"24h",406657,407490,"-"
"vnz_01770",-0.251584874,0,"48h",406657,407490,"-"
"vnz_01775",-0.589200609,0,"18h",407510,408475,"-"
"vnz_01775",-0.44569853,0,"24h",407510,408475,"-"
"vnz_01775",-0.560565127,0,"48h",407510,408475,"-"
"vnz_01780",-0.415976884,0,"18h",408554,408910,"-"
"vnz_01780",-0.325220837,0,"24h",408554,408910,"-"
"vnz_01780",-0.325036605,0,"48h",408554,408910,"-"
"vnz_01785",-0.479398316,0,"18h",409032,409466,"-"
"vnz_01785",-0.463060322,0,"24h",409032,409466,"-"
"vnz_01785",-0.206515049,0,"48h",409032,409466,"-"
"vnz_01790",-0.51165647,0,"18h",409538,409933,"-"
"vnz_01790",-0.212745688,0,"24h",409538,409933,"-"
"vnz_01790",-0.107356405,0,"48h",409538,409933,"-"
"vnz_01795",0.655500131,0,"18h",409867,410142,"-"
"vnz_01795",0.124428431,0,"24h",409867,410142,"-"
"vnz_01795",-0.104313168,0,"48h",409867,410142,"-"
"vnz_01800",-0.034848964,0,"18h",410139,411017,"-"
"vnz_01800",-0.079725281,0,"24h",410139,411017,"-"
"vnz_01800",-0.336835539,0,"48h",410139,411017,"-"
"vnz_01805",-0.367216517,0,"18h",411014,411463,"-"
"vnz_01805",0.232291202,0,"24h",411014,411463,"-"
"vnz_01805",-0.482119392,0,"48h",411014,411463,"-"
"vnz_01810",-0.717272596,0,"18h",411503,412633,"-"
"vnz_01810",-0.235346518,0,"24h",411503,412633,"-"
"vnz_01810",-0.235506352,0,"48h",411503,412633,"-"
"vnz_01815",-0.549429726,0,"18h",412626,413222,"-"
"vnz_01815",-0.367936349,0,"24h",412626,413222,"-"
"vnz_01815",0.077535885,0,"48h",412626,413222,"-"
"vnz_01820",-0.77545522,0,"18h",413263,413520,"-"
"vnz_01820",-0.275100778,0,"24h",413263,413520,"-"
"vnz_01820",0.270453156,0,"48h",413263,413520,"-"
"vnz_01825",-0.53496223,0,"18h",413567,414280,"-"
"vnz_01825",-0.357912498,0,"24h",413567,414280,"-"
"vnz_01825",-0.263575594,0,"48h",413567,414280,"-"
"vnz_01830",-0.704312269,0,"18h",414284,414721,"-"
"vnz_01830",-0.287833311,0,"24h",414284,414721,"-"
"vnz_01830",-0.526939455,0,"48h",414284,414721,"-"
"vnz_01835",-1.036124398,0,"18h",414812,415108,"-"
"vnz_01835",-0.072887523,0,"24h",414812,415108,"-"
"vnz_01835",-0.42351208,0,"48h",414812,415108,"-"
"vnz_01840",-0.794306728,0,"18h",415346,415789,"+"
"vnz_01840",-0.330292772,0,"24h",415346,415789,"+"
"vnz_01840",-0.441652612,0,"48h",415346,415789,"+"
"vnz_01845",0.284641668,0,"18h",416090,416734,"-"
"vnz_01845",0.181480896,0,"24h",416090,416734,"-"
"vnz_01845",-0.017993838,0,"48h",416090,416734,"-"
"vnz_01855",-0.548672214,0,"18h",417782,418612,"-"
"vnz_01855",-0.37443408,0,"24h",417782,418612,"-"
"vnz_01855",-0.164436082,0,"48h",417782,418612,"-"
"vnz_01860",-0.552986931,0,"18h",418609,419892,"-"
"vnz_01860",-0.232254072,0,"24h",418609,419892,"-"
"vnz_01860",0.286852534,0,"48h",418609,419892,"-"
"vnz_01865",-0.526535053,0,"18h",419889,421166,"-"
"vnz_01865",-0.798932012,0,"24h",419889,421166,"-"
"vnz_01865",-0.033858168,0,"48h",419889,421166,"-"
"vnz_01870",-0.567547199,0,"18h",421293,422033,"-"
"vnz_01870",-0.567471274,0,"24h",421293,422033,"-"
"vnz_01870",-0.745109581,0,"48h",421293,422033,"-"
"vnz_01880",-0.426239168,0,"18h",423458,424207,"-"
"vnz_01880",-0.431393495,0,"24h",423458,424207,"-"
"vnz_01880",-0.243011556,0,"48h",423458,424207,"-"
"vnz_01890",-0.45236342,0,"18h",425146,426738,"+"
"vnz_01890",-0.532519778,0,"24h",425146,426738,"+"
"vnz_01890",-0.176731672,0,"48h",425146,426738,"+"
"vnz_01895",-0.740918544,0,"18h",426836,427483,"+"
"vnz_01895",-0.828566645,0,"24h",426836,427483,"+"
"vnz_01895",-0.20169988,0,"48h",426836,427483,"+"
"vnz_01900",-0.349686914,0,"18h",427730,428722,"+"
"vnz_01900",-0.247131892,0,"24h",427730,428722,"+"
"vnz_01900",-0.165341036,0,"48h",427730,428722,"+"
"vnz_01905",-0.259170882,0,"18h",428761,429390,"+"
"vnz_01905",-0.266981109,0,"24h",428761,429390,"+"
"vnz_01905",-0.222867934,0,"48h",428761,429390,"+"
"vnz_01915",-0.116150742,0,"18h",430160,430858,"+"
"vnz_01915",-0.412242035,0,"24h",430160,430858,"+"
"vnz_01915",-0.336130893,0,"48h",430160,430858,"+"
"vnz_01920",0.535483099,0,"18h",430855,431349,"+"
"vnz_01920",0.101705271,0,"24h",430855,431349,"+"
"vnz_01920",0.256507121,0,"48h",430855,431349,"+"
"vnz_01925",0.188822696,0,"18h",431356,432105,"+"
"vnz_01925",-0.276982353,0,"24h",431356,432105,"+"
"vnz_01925",-0.37492722,0,"48h",431356,432105,"+"
"vnz_01930",0.24043846,0,"18h",432105,432986,"+"
"vnz_01930",-0.171888358,0,"24h",432105,432986,"+"
"vnz_01930",0.080904622,0,"48h",432105,432986,"+"
"vnz_01935",-0.209080126,0,"18h",433115,435130,"+"
"vnz_01935",-0.256773642,0,"24h",433115,435130,"+"
"vnz_01935",-0.01791599,0,"48h",433115,435130,"+"
"vnz_01940",-0.026429648,0,"18h",435163,435699,"+"
"vnz_01940",-0.230854166,0,"24h",435163,435699,"+"
"vnz_01940",-0.062086568,0,"48h",435163,435699,"+"
"vnz_01945",-0.131224322,0,"18h",435718,436086,"-"
"vnz_01945",-0.275098692,0,"24h",435718,436086,"-"
"vnz_01945",-0.107056176,0,"48h",435718,436086,"-"
"vnz_01950",0.133503057,0,"18h",436306,437700,"+"
"vnz_01950",-0.001334395,0,"24h",436306,437700,"+"
"vnz_01950",0.112576842,0,"48h",436306,437700,"+"
"vnz_01955",-0.272174539,0,"18h",437917,439257,"-"
"vnz_01955",-0.529776045,0,"24h",437917,439257,"-"
"vnz_01955",-0.275828273,0,"48h",437917,439257,"-"
"vnz_01960",-0.269496863,0,"18h",439443,440198,"+"
"vnz_01960",-0.478153188,0,"24h",439443,440198,"+"
"vnz_01960",-0.221166883,0,"48h",439443,440198,"+"
"vnz_01965",-0.656683734,0,"18h",440308,441840,"-"
"vnz_01965",-1.163501537,0,"24h",440308,441840,"-"
"vnz_01965",-0.160954931,0,"48h",440308,441840,"-"
"vnz_01970",-0.379526363,0,"18h",441914,442888,"-"
"vnz_01970",-0.643826278,0,"24h",441914,442888,"-"
"vnz_01970",0.04746731,0,"48h",441914,442888,"-"
"vnz_01975",-0.334480325,0,"18h",443192,444661,"+"
"vnz_01975",-0.231425192,0,"24h",443192,444661,"+"
"vnz_01975",-0.074739912,0,"48h",443192,444661,"+"
"vnz_01980",-0.266571273,0,"18h",444658,446208,"+"
"vnz_01980",-0.164673571,0,"24h",444658,446208,"+"
"vnz_01980",-0.197385946,0,"48h",444658,446208,"+"
"vnz_01985",-0.060945847,0,"18h",446205,447413,"+"
"vnz_01985",-0.379722797,0,"24h",446205,447413,"+"
"vnz_01985",0.04004259,0,"48h",446205,447413,"+"
"vnz_01990",-0.367979067,0,"18h",447536,448012,"+"
"vnz_01990",-0.403001093,0,"24h",447536,448012,"+"
"vnz_01990",0.024434467,0,"48h",447536,448012,"+"
"vnz_01995",-0.152969999,0,"18h",448075,448320,"+"
"vnz_01995",-0.059780165,0,"24h",448075,448320,"+"
"vnz_01995",-0.0767,0,"48h",448075,448320,"+"
"vnz_02000",-0.14818334,0,"18h",448349,449602,"-"
"vnz_02000",-0.556448802,0,"24h",448349,449602,"-"
"vnz_02000",0.165595159,0,"48h",448349,449602,"-"
"vnz_02005",-0.346614581,0,"18h",449787,451667,"-"
"vnz_02005",-0.981380825,0,"24h",449787,451667,"-"
"vnz_02005",-0.105443489,0,"48h",449787,451667,"-"
"vnz_02010",-0.450287016,0,"18h",452000,453265,"+"
"vnz_02010",-0.694730197,0,"24h",452000,453265,"+"
"vnz_02010",-0.366579069,0,"48h",452000,453265,"+"
"vnz_02015",-0.209622533,0,"18h",453439,454125,"+"
"vnz_02015",-0.398099201,0,"24h",453439,454125,"+"
"vnz_02015",-0.143979676,0,"48h",453439,454125,"+"
"vnz_02020",-0.296887808,0,"18h",454181,456562,"-"
"vnz_02020",-0.615873108,0,"24h",454181,456562,"-"
"vnz_02020",-0.350029738,0,"48h",454181,456562,"-"
"vnz_02025",-0.281115181,0,"18h",456709,456951,"-"
"vnz_02025",-0.475265807,0,"24h",456709,456951,"-"
"vnz_02025",-0.346367201,0,"48h",456709,456951,"-"
"vnz_02030",-0.217004104,0,"18h",457091,458128,"+"
"vnz_02030",-0.469673227,0,"24h",457091,458128,"+"
"vnz_02030",-0.564072415,0,"48h",457091,458128,"+"
"vnz_02035",-0.102376538,0,"18h",458162,459022,"-"
"vnz_02035",-0.435057926,0,"24h",458162,459022,"-"
"vnz_02035",0.085031781,0,"48h",458162,459022,"-"
"vnz_02040",-0.145124213,0,"18h",459449,459904,"+"
"vnz_02040",-0.111686791,0,"24h",459449,459904,"+"
"vnz_02040",-0.380323263,0,"48h",459449,459904,"+"
"vnz_02045",0.528056267,0,"18h",460089,461396,"+"
"vnz_02045",0.322825205,0,"24h",460089,461396,"+"
"vnz_02045",0.053021704,0,"48h",460089,461396,"+"
"vnz_02050",1.192583228,0,"18h",461563,462435,"+"
"vnz_02050",0.950176365,0,"24h",461563,462435,"+"
"vnz_02050",0.532392132,0,"48h",461563,462435,"+"
"vnz_02060",-0.283515131,0,"18h",463486,464943,"-"
"vnz_02060",-0.244501129,0,"24h",463486,464943,"-"
"vnz_02060",-0.350108447,0,"48h",463486,464943,"-"
"vnz_02065",-0.783699732,0,"18h",465197,465493,"-"
"vnz_02065",-0.73398028,0,"24h",465197,465493,"-"
"vnz_02065",-0.81565174,0,"48h",465197,465493,"-"
"vnz_02070",-0.225687552,0,"18h",465590,467815,"-"
"vnz_02070",-0.6696336,0,"24h",465590,467815,"-"
"vnz_02070",-0.430387575,0,"48h",465590,467815,"-"
"vnz_02075",-0.492268106,0,"18h",467859,468929,"-"
"vnz_02075",-0.993637486,0,"24h",467859,468929,"-"
"vnz_02075",-0.026095362,0,"48h",467859,468929,"-"
"vnz_02080",-0.409941831,0,"18h",469011,469301,"-"
"vnz_02080",-0.727128368,0,"24h",469011,469301,"-"
"vnz_02080",-0.299334876,0,"48h",469011,469301,"-"
"vnz_02085",-0.34151972,0,"18h",469347,471188,"-"
"vnz_02085",-0.672478946,0,"24h",469347,471188,"-"
"vnz_02085",-0.149977992,0,"48h",469347,471188,"-"
"vnz_02090",-0.452073174,0,"18h",471408,472151,"+"
"vnz_02090",-0.449098232,0,"24h",471408,472151,"+"
"vnz_02090",-0.409040362,0,"48h",471408,472151,"+"
"vnz_02095",-0.094437547,0,"18h",472655,473404,"+"
"vnz_02095",-0.128453002,0,"24h",472655,473404,"+"
"vnz_02095",0.078548262,0,"48h",472655,473404,"+"
"vnz_02105",-0.180025621,0,"18h",474858,477395,"+"
"vnz_02105",-0.143455309,0,"24h",474858,477395,"+"
"vnz_02105",-0.439378779,0,"48h",474858,477395,"+"
"vnz_02110",-0.20084793,0,"18h",477392,479275,"+"
"vnz_02110",-0.113638521,0,"24h",477392,479275,"+"
"vnz_02110",-0.334082485,0,"48h",477392,479275,"+"
"vnz_02115",-0.260986147,0,"18h",479257,480144,"+"
"vnz_02115",-0.123430933,0,"24h",479257,480144,"+"
"vnz_02115",-0.462167021,0,"48h",479257,480144,"+"
"vnz_02125",-0.265000979,0,"18h",481786,482877,"+"
"vnz_02125",-0.282680679,0,"24h",481786,482877,"+"
"vnz_02125",-0.335055543,0,"48h",481786,482877,"+"
"vnz_02130",-0.311444519,0,"18h",482874,484148,"+"
"vnz_02130",-0.28734767,0,"24h",482874,484148,"+"
"vnz_02130",-0.325752683,0,"48h",482874,484148,"+"
"vnz_02135",-0.219786882,0,"18h",484139,484897,"-"
"vnz_02135",-0.459733315,0,"24h",484139,484897,"-"
"vnz_02135",-0.106306941,0,"48h",484139,484897,"-"
"vnz_02140",-0.710706939,0,"18h",484957,488190,"-"
"vnz_02140",-0.833394929,0,"24h",484957,488190,"-"
"vnz_02140",-0.127437149,0,"48h",484957,488190,"-"
"vnz_02145",0.096307121,0,"18h",489761,490795,"-"
"vnz_02145",-0.089305932,0,"24h",489761,490795,"-"
"vnz_02145",-0.168939001,0,"48h",489761,490795,"-"
"vnz_02150",0.678623475,0,"18h",490890,491219,"-"
"vnz_02150",0.325984355,0,"24h",490890,491219,"-"
"vnz_02150",0.416391908,0,"48h",490890,491219,"-"
"vnz_02155",-0.15962044,0,"18h",491266,492027,"-"
"vnz_02155",-0.205678167,0,"24h",491266,492027,"-"
"vnz_02155",0.127432215,0,"48h",491266,492027,"-"
"vnz_02160",0.250830649,0,"18h",492124,493929,"+"
"vnz_02160",0.067959255,0,"24h",492124,493929,"+"
"vnz_02160",-0.114209782,0,"48h",492124,493929,"+"
"vnz_02165",-0.083646242,0,"18h",494047,495078,"+"
"vnz_02165",-0.214550472,0,"24h",494047,495078,"+"
"vnz_02165",-0.300850408,0,"48h",494047,495078,"+"
"vnz_02170",-0.180157232,0,"18h",495115,498000,"-"
"vnz_02170",-0.512994131,0,"24h",495115,498000,"-"
"vnz_02170",-0.334933602,0,"48h",495115,498000,"-"
"vnz_02175",-0.566681569,0,"18h",498140,499585,"+"
"vnz_02175",-0.698851932,0,"24h",498140,499585,"+"
"vnz_02175",-0.615214632,0,"48h",498140,499585,"+"
"vnz_02180",-0.470052736,0,"18h",499727,500497,"+"
"vnz_02180",-0.503405079,0,"24h",499727,500497,"+"
"vnz_02180",-0.41451169,0,"48h",499727,500497,"+"
"vnz_02185",-0.869398057,0,"18h",500709,500912,"+"
"vnz_02185",-0.674849132,0,"24h",500709,500912,"+"
"vnz_02185",-0.819080122,0,"48h",500709,500912,"+"
"vnz_02190",-0.325552541,0,"18h",501156,502574,"+"
"vnz_02190",-0.224028173,0,"24h",501156,502574,"+"
"vnz_02190",-0.25545431,0,"48h",501156,502574,"+"
"vnz_02195",-0.334481227,0,"18h",502931,504862,"+"
"vnz_02195",-0.197926035,0,"24h",502931,504862,"+"
"vnz_02195",-0.318655656,0,"48h",502931,504862,"+"
"vnz_02200",0.046618901,0,"18h",504859,505224,"+"
"vnz_02200",-0.114405954,0,"24h",504859,505224,"+"
"vnz_02200",-0.156985317,0,"48h",504859,505224,"+"
"vnz_02205",-0.429843493,0,"18h",505211,506404,"-"
"vnz_02205",-0.472614042,0,"24h",505211,506404,"-"
"vnz_02205",-0.301059163,0,"48h",505211,506404,"-"
"vnz_02210",-0.330638668,0,"18h",506401,507141,"-"
"vnz_02210",-0.760994824,0,"24h",506401,507141,"-"
"vnz_02210",0.220338361,0,"48h",506401,507141,"-"
"vnz_02215",-0.37538176,0,"18h",507138,508229,"-"
"vnz_02215",-0.610255616,0,"24h",507138,508229,"-"
"vnz_02215",-0.25720228,0,"48h",507138,508229,"-"
"vnz_02220",-0.2263351,0,"18h",508226,508876,"-"
"vnz_02220",-0.437328273,0,"24h",508226,508876,"-"
"vnz_02220",-0.28342371,0,"48h",508226,508876,"-"
"vnz_02225",-0.483990351,0,"18h",509011,509706,"+"
"vnz_02225",-0.3471026,0,"24h",509011,509706,"+"
"vnz_02225",-0.153044355,0,"48h",509011,509706,"+"
"vnz_02230",-0.216489571,0,"18h",509703,511196,"+"
"vnz_02230",-0.404305751,0,"24h",509703,511196,"+"
"vnz_02230",-0.178757187,0,"48h",509703,511196,"+"
"vnz_02235",-0.00454681,0,"18h",511193,511687,"+"
"vnz_02235",-0.191652622,0,"24h",511193,511687,"+"
"vnz_02235",-0.035912243,0,"48h",511193,511687,"+"
"vnz_02240",-0.482760818,0,"18h",511700,512281,"-"
"vnz_02240",-0.2459975,0,"24h",511700,512281,"-"
"vnz_02240",-0.484619461,0,"48h",511700,512281,"-"
"vnz_02245",-0.249371358,0,"18h",512418,512777,"+"
"vnz_02245",-0.358473001,0,"24h",512418,512777,"+"
"vnz_02245",-0.0089115,0,"48h",512418,512777,"+"
"vnz_02250",-0.375705881,0,"18h",512771,513202,"-"
"vnz_02250",-0.527822392,0,"24h",512771,513202,"-"
"vnz_02250",-0.040439261,0,"48h",512771,513202,"-"
"vnz_02255",-0.839643032,0,"18h",513371,514348,"+"
"vnz_02255",-0.866386259,0,"24h",513371,514348,"+"
"vnz_02255",-0.546503133,0,"48h",513371,514348,"+"
"vnz_02260",0.292671123,0,"18h",514660,515109,"-"
"vnz_02260",-0.12385917,0,"24h",514660,515109,"-"
"vnz_02260",0.091744572,0,"48h",514660,515109,"-"
"vnz_02265",0.325581327,0,"18h",515207,515599,"-"
"vnz_02265",-0.011176423,0,"24h",515207,515599,"-"
"vnz_02265",0.194753006,0,"48h",515207,515599,"-"
"vnz_02270",-0.376379467,0,"18h",515970,516392,"+"
"vnz_02270",-0.462986323,0,"24h",515970,516392,"+"
"vnz_02270",-0.331736032,0,"48h",515970,516392,"+"
"vnz_02275",-0.371141071,0,"18h",516475,516798,"+"
"vnz_02275",-0.747947301,0,"24h",516475,516798,"+"
"vnz_02275",-0.130139012,0,"48h",516475,516798,"+"
"vnz_02280",-0.360321443,0,"18h",516776,518206,"-"
"vnz_02280",-0.560772198,0,"24h",516776,518206,"-"
"vnz_02280",-0.262961426,0,"48h",516776,518206,"-"
"vnz_02285",0.111674378,0,"18h",518414,519844,"+"
"vnz_02285",0.00562619,0,"24h",518414,519844,"+"
"vnz_02285",-0.244550378,0,"48h",518414,519844,"+"
"vnz_02290",-0.244811178,0,"18h",519875,521272,"-"
"vnz_02290",-0.432924495,0,"24h",519875,521272,"-"
"vnz_02290",-0.164807984,0,"48h",519875,521272,"-"
"vnz_02295",-0.358552231,0,"18h",521375,522178,"-"
"vnz_02295",-0.542878561,0,"24h",521375,522178,"-"
"vnz_02295",-0.315991003,0,"48h",521375,522178,"-"
"vnz_02300",-0.13797888,0,"18h",522212,522907,"+"
"vnz_02300",-0.278540099,0,"24h",522212,522907,"+"
"vnz_02300",-0.349297623,0,"48h",522212,522907,"+"
"vnz_02305",-0.151804417,0,"18h",522896,526873,"-"
"vnz_02305",-0.307322916,0,"24h",522896,526873,"-"
"vnz_02305",-0.200575759,0,"48h",522896,526873,"-"
"vnz_02310",-0.183162072,0,"18h",526875,533585,"-"
"vnz_02310",-0.406907289,0,"24h",526875,533585,"-"
"vnz_02310",-0.340609378,0,"48h",526875,533585,"-"
"vnz_02315",-0.690003522,0,"18h",533856,535133,"+"
"vnz_02315",-0.593509373,0,"24h",533856,535133,"+"
"vnz_02315",-0.497671666,0,"48h",533856,535133,"+"
"vnz_02320",-0.429885654,0,"18h",535236,536855,"+"
"vnz_02320",-0.460041665,0,"24h",535236,536855,"+"
"vnz_02320",-0.549474297,0,"48h",535236,536855,"+"
"vnz_02325",-0.369028485,0,"18h",537012,537539,"+"
"vnz_02325",-0.557277273,0,"24h",537012,537539,"+"
"vnz_02325",-0.345952341,0,"48h",537012,537539,"+"
"vnz_02330",-0.446683723,0,"18h",537564,538214,"+"
"vnz_02330",-0.255667534,0,"24h",537564,538214,"+"
"vnz_02330",-0.542336078,0,"48h",537564,538214,"+"
"vnz_02335",-0.44895455,0,"18h",538261,539781,"+"
"vnz_02335",-0.475789413,0,"24h",538261,539781,"+"
"vnz_02335",-0.308634025,0,"48h",538261,539781,"+"
"vnz_02340",-0.292868233,0,"18h",539968,542817,"+"
"vnz_02340",-0.34460368,0,"24h",539968,542817,"+"
"vnz_02340",-0.34195052,0,"48h",539968,542817,"+"
"vnz_02345",-0.352264231,0,"18h",542947,544032,"+"
"vnz_02345",-0.4748937,0,"24h",542947,544032,"+"
"vnz_02345",-0.226292125,0,"48h",542947,544032,"+"
"vnz_02350",-0.171590299,0,"18h",544111,544821,"+"
"vnz_02350",-0.456489024,0,"24h",544111,544821,"+"
"vnz_02350",-0.18188604,0,"48h",544111,544821,"+"
"vnz_02360",-0.19240914,0,"18h",546224,547939,"+"
"vnz_02360",-0.351482437,0,"24h",546224,547939,"+"
"vnz_02360",-0.260028653,0,"48h",546224,547939,"+"
"vnz_02365",-0.367998847,0,"18h",547977,549437,"+"
"vnz_02365",-0.570234738,0,"24h",547977,549437,"+"
"vnz_02365",-0.256221192,0,"48h",547977,549437,"+"
"vnz_02375",-0.281793048,0,"18h",550455,551234,"+"
"vnz_02375",-0.552040623,0,"24h",550455,551234,"+"
"vnz_02375",-0.376887772,0,"48h",550455,551234,"+"
"vnz_02380",-0.460534279,0,"18h",551566,552615,"+"
"vnz_02380",-0.520382343,0,"24h",551566,552615,"+"
"vnz_02380",-0.427483517,0,"48h",551566,552615,"+"
"vnz_02385",-1.047854694,0,"18h",552762,553970,"+"
"vnz_02385",-0.801580534,0,"24h",552762,553970,"+"
"vnz_02385",-0.623306322,0,"48h",552762,553970,"+"
"vnz_02390",-0.273760474,0,"18h",554017,555267,"-"
"vnz_02390",-0.657325893,0,"24h",554017,555267,"-"
"vnz_02390",-0.089127367,0,"48h",554017,555267,"-"
"vnz_02395",-0.713128775,0,"18h",555323,556597,"-"
"vnz_02395",-0.750737159,0,"24h",555323,556597,"-"
"vnz_02395",-0.294058979,0,"48h",555323,556597,"-"
"vnz_02400",-0.448579978,0,"18h",556748,558694,"-"
"vnz_02400",-0.320150371,0,"24h",556748,558694,"-"
"vnz_02400",-0.119003264,0,"48h",556748,558694,"-"
"vnz_02405",-0.472832055,0,"18h",558754,560118,"-"
"vnz_02405",-0.489714805,0,"24h",558754,560118,"-"
"vnz_02405",-0.409431123,0,"48h",558754,560118,"-"
"vnz_02410",-0.29867586,0,"18h",560822,561511,"+"
"vnz_02410",-0.416721552,0,"24h",560822,561511,"+"
"vnz_02410",0.064665001,0,"48h",560822,561511,"+"
"vnz_02415",-0.212480105,0,"18h",561508,562719,"+"
"vnz_02415",-0.562667694,0,"24h",561508,562719,"+"
"vnz_02415",-0.277961859,0,"48h",561508,562719,"+"
"vnz_02420",0.099701787,0,"18h",562831,563517,"+"
"vnz_02420",0.007592368,0,"24h",562831,563517,"+"
"vnz_02420",-0.075417478,0,"48h",562831,563517,"+"
"vnz_02425",-0.323770535,0,"18h",563606,565207,"-"
"vnz_02425",-0.105463146,0,"24h",563606,565207,"-"
"vnz_02425",-0.321148127,0,"48h",563606,565207,"-"
"vnz_02430",-0.251254432,0,"18h",565277,566077,"-"
"vnz_02430",-0.347351011,0,"24h",565277,566077,"-"
"vnz_02430",-0.475213256,0,"48h",565277,566077,"-"
"vnz_02435",-0.293292683,0,"18h",566074,570618,"-"
"vnz_02435",-0.480198732,0,"24h",566074,570618,"-"
"vnz_02435",-0.207719629,0,"48h",566074,570618,"-"
"vnz_02440",-0.507642631,0,"18h",570675,572384,"-"
"vnz_02440",-0.520343132,0,"24h",570675,572384,"-"
"vnz_02440",-0.052170261,0,"48h",570675,572384,"-"
"vnz_02445",-0.445661665,0,"18h",572381,574222,"-"
"vnz_02445",-0.64307096,0,"24h",572381,574222,"-"
"vnz_02445",-0.299581471,0,"48h",572381,574222,"-"
"vnz_02450",-0.620149948,0,"18h",574538,576142,"+"
"vnz_02450",-0.522983039,0,"24h",574538,576142,"+"
"vnz_02450",-0.577209965,0,"48h",574538,576142,"+"
"vnz_02460",-0.517866221,0,"18h",577439,582919,"-"
"vnz_02460",-0.464698084,0,"24h",577439,582919,"-"
"vnz_02460",-0.137553725,0,"48h",577439,582919,"-"
